"CONTAINER","SEQ_ID","PROBE_SEQUENCE","POSITION","SSA-","SSA-","SSA-","SSA-","SSA-","SSA-","SSA-","SSA-","SSA+","SSA+","SSA+","SSA+","SSA+","SSA+","SSA+","SSA+","Control","Control","Control","Control","Control","Control","Control","Control"
"EXPT_PA27_DUP_K_REP2","Q16778","RSRKESYSIYVY",32,1.297,1.316,1.255,1.321,1.29,1.29,1.361,1.303,1.406,1.406,1.4,1.399,1.303,1.317,1.365,1.42,1.258,1.304,1.341,1.331,1.318,1.379,1.359,1.267
"EXPT_PA27_MAIN_K","P00450","EDRVKWYLFGMG",278,1.324,1.299,1.304,1.363,1.336,1.347,1.32,1.353,1.359,1.45,1.396,1.394,1.354,1.433,1.384,1.463,1.405,1.34,1.42,1.329,1.437,1.425,1.439,1.38
"EXPT_PA27_MAIN_K","P00751","NLFQVLPWLKEK",744,1.326,1.348,1.357,1.355,1.389,1.375,1.296,1.414,1.418,1.415,1.474,1.458,1.397,1.445,1.441,1.365,1.358,1.336,1.4,1.344,1.418,1.382,1.417,1.369
"EXPT_PA27_MAIN_K","P01008","NPMCIYRSPEKK",50,1.383,1.42,1.366,1.409,1.433,1.406,1.429,1.416,1.457,1.459,1.415,1.56,1.421,1.501,1.461,1.5,1.39,1.447,1.43,1.403,1.423,1.424,1.392,1.356
"EXPT_PA27_MAIN_K","P01861","FLYSRLTVDKSR",285,1.316,1.321,1.302,1.317,1.26,1.411,1.271,1.342,1.357,1.395,1.4,1.359,1.377,1.346,1.419,1.396,1.361,1.362,1.404,1.339,1.371,1.402,1.342,1.459
"EXPT_PA27_MAIN_K","P02751","LTNFLVRYSPVK",1295,1.355,1.341,1.326,1.297,1.231,1.334,1.297,1.325,1.364,1.421,1.338,1.372,1.414,1.437,1.356,1.335,1.364,1.345,1.373,1.413,1.311,1.416,1.42,1.359
"EXPT_PA27_MAIN_K","P02787","SAHGFLKVPPRM",317,1.306,1.373,1.324,1.305,1.273,1.385,1.375,1.375,1.414,1.453,1.403,1.434,1.383,1.411,1.39,1.419,1.392,1.344,1.396,1.353,1.374,1.398,1.387,1.414
"EXPT_PA27_MAIN_K","P04114","VSTAFVYTJNPN",3704,1.314,1.295,1.28,1.221,1.245,1.375,1.35,1.335,1.401,1.401,1.326,1.367,1.371,1.378,1.419,1.405,1.366,1.311,1.339,1.38,1.407,1.354,1.396,1.311
"EXPT_PA27_MAIN_K","P08603","RCIRVJTCSJSS",441,1.286,1.278,1.254,1.327,1.316,1.349,1.336,1.411,1.366,1.399,1.393,1.415,1.34,1.422,1.377,1.403,1.344,1.379,1.401,1.328,1.325,1.374,1.359,1.371
"EXPT_PA27_MAIN_K","P36980","RAMCQNGJLVYP",254,1.344,1.338,1.383,1.347,1.314,1.378,1.436,1.397,1.499,1.458,1.438,1.52,1.416,1.463,1.463,1.471,1.372,1.394,1.406,1.391,1.417,1.477,1.513,1.369
"EXPT_PA27_MAIN_K","Q14739","HKNTQEKFSLSQ",146,1.326,1.352,1.342,1.362,1.329,1.384,1.373,1.369,1.449,1.429,1.444,1.48,1.392,1.414,1.465,1.478,1.43,1.382,1.41,1.357,1.465,1.444,1.452,1.299
"EXPT_PA27_MAIN_R","P04114","AYLMLMBSPSQA",561,1.366,1.364,1.295,1.323,1.27,1.392,1.306,1.401,1.427,1.392,1.403,1.451,1.359,1.398,1.367,1.436,1.319,1.357,1.36,1.391,1.321,1.341,1.357,1.294
"EXPT_PA27_MAIN_R","P04114","IKSPAFTDLHLR",3978,1.298,1.272,1.235,1.28,1.295,1.349,1.286,1.339,1.465,1.433,1.44,1.405,1.336,1.358,1.335,1.379,1.314,1.317,1.386,1.317,1.363,1.412,1.383,1.348
"EXPT_PA27_MAIN_R","P07305","NADSQIKLSIKR",63,1.349,1.324,1.319,1.312,1.362,1.376,1.273,1.378,1.414,1.43,1.381,1.456,1.363,1.399,1.464,1.462,1.353,1.359,1.437,1.378,1.434,1.404,1.437,1.319
"EXPT_PA27_MAIN_R","P08603","SFTMIGHRSITC",722,1.278,1.254,1.27,1.265,1.219,1.359,1.275,1.296,1.321,1.41,1.403,1.351,1.282,1.364,1.375,1.373,1.36,1.368,1.359,1.354,1.365,1.376,1.388,1.282
"EXPT_PA27_MAIN_R","P10909","BBPHFFFPKSBI",214,1.419,1.372,1.356,1.314,1.376,1.377,1.367,1.416,1.424,1.455,1.451,1.447,1.458,1.453,1.43,1.459,1.378,1.391,1.397,1.4,1.38,1.452,1.503,1.379
"EXPT_PA27_MAIN_R","P11940","PSQIAQLRPSPR",425,1.303,1.311,1.301,1.326,1.334,1.335,1.384,1.397,1.425,1.441,1.415,1.479,1.36,1.41,1.419,1.46,1.331,1.4,1.436,1.394,1.449,1.433,1.492,1.466
"EXPT_PA27_MAIN_R","P35579","LKERYYSGLIYT",101,1.265,1.298,1.248,1.271,1.234,1.331,1.354,1.377,1.377,1.428,1.391,1.407,1.344,1.337,1.362,1.39,1.273,1.322,1.336,1.293,1.361,1.352,1.34,1.358
"EXPT_PA27_MAIN_R","Q03591","TAKQKLYLRTGE",283,1.357,1.336,1.31,1.353,1.262,1.376,1.29,1.351,1.399,1.426,1.413,1.457,1.37,1.399,1.453,1.407,1.307,1.369,1.405,1.401,1.365,1.436,1.421,1.308
"EXPT_PA27_MAIN_R","Q92496","HGGLYYKSLRRL",31,1.264,1.305,1.293,1.283,1.325,1.274,1.282,1.281,1.315,1.417,1.293,1.391,1.398,1.342,1.356,1.404,1.3,1.3,1.299,1.36,1.357,1.379,1.405,1.277
"EXPT_PA27_MAIN_R","Q9BXR6","FSCRKNLIRVGS",173,1.336,1.358,1.315,1.336,1.225,1.348,1.366,1.341,1.367,1.383,1.463,1.409,1.42,1.379,1.397,1.432,1.303,1.365,1.321,1.373,1.324,1.393,1.432,1.353
"EXPT_PA27_MAIN_R","WT_R_REDUNDANT","CLHPCVISREIM",564,1.326,1.26,1.247,1.275,1.241,1.32,1.276,1.348,1.345,1.406,1.336,1.384,1.39,1.338,1.401,1.399,1.303,1.378,1.313,1.335,1.345,1.378,1.411,1.301
